Epochs,Population size,Threads,Percent,Neural network
2000,15,5,0.1,Layer 1: neurons(3)Layer 2: neurons(1)
Cost,Evaluation,Training_error,Validation_error,Best_validation_epoch
200075,0.006019480320119628,0.00566509853644237,0.005778375414024373,2000.0
200075,0.0052419696884125795,0.005178897345477829,0.005187231776456969,2000.0
200075,0.005637768057286256,0.005189617608476915,0.005377200468873022,2000.0
200075,0.0039040714174872104,0.003738286709309202,0.0038074287449311184,2000.0
