Epochs,Population size,Threads,Percent,Neural network
2000,15,5,0.1,Layer 1: neurons(5)Layer 2: neurons(1)
Cost,Evaluation,Training_error,Validation_error,Best_validation_epoch
200060,0.012699047431462477,0.01924687516171031,0.01773035824384661,1889.0
200075,0.011626184644131081,0.02039037684317979,0.017914461572228424,1299.0
200075,0.013959621053845265,0.01933963770930569,0.017866498528844144,602.0
