Epochs,Population size,Threads,Percent,Neural network
2000,15,5,0.1,Layer 1: neurons(8)Layer 2: neurons(1)
Cost,Evaluation,Training_error,Validation_error,Best_validation_epoch
200075,0.056276440349949386,0.07645132796880805,0.09842795053213993,1960.0
200075,0.0734959057679196,0.07614384835319365,0.07045719978770915,1783.0
200075,0.05387831675390099,0.07662493653111802,0.061918321374372365,86.0
200075,0.055367068159799394,0.07296063323980129,0.06977628480983433,200.0
200075,0.04245773247104204,0.07526503952396812,0.07885127388378665,200.0
200075,0.07487012605426695,0.07650549717726929,0.06984648995155462,1835.0
200075,0.05064332123687845,0.07601236113787158,0.10004908766625675,1600.0
200075,0.07815216033873788,0.0759524661978277,0.06591066701842474,97.0
200075,0.058226857517740684,0.08041591059923892,0.062140176394193114,200.0
200075,0.05202088341107975,0.07665089015707438,0.0759766191062391,1873.0
200075,0.06134835510157358,0.07654815126054393,0.0683566277996287,167.0
200075,0.04903075404649979,0.07425930900439981,0.06058153943575362,521.0
200075,0.051733255932094,0.0743236731265049,0.060655991314956914,800.0
200075,0.07395977851178208,0.0744474364136225,0.06197056974283721,94.0
200075,0.0767724781826701,0.07656407768558426,0.07619646832377125,100.0
200075,0.0528795816050765,0.07676060534261797,0.07252435204151542,200.0
200075,0.06559123066139531,0.0735187061996978,0.07472316116948519,199.0
200075,0.05771809799260391,0.07644519598580424,0.08888779844621486,238.0
200075,0.05037335456732434,0.07619599103554575,0.05804297280033566,200.0
200075,0.08448777236589033,0.07666591760337138,0.054190938103125696,580.0
200075,0.060116703445985846,0.07464197106452974,0.06016657130460368,442.0
200075,0.07883621102800129,0.07697989128689142,0.07237335595341332,355.0
200075,0.0651690834158091,0.07666474223945541,0.06630541569805326,1958.0
200075,0.07761021603585025,0.07603384338432628,0.045664273954636125,84.0
200075,0.05641608955595655,0.07655709743910499,0.0691339294193648,181.0
200075,0.07027749663108254,0.07650100070019139,0.06721844334903782,1991.0
200075,0.04491477103340471,0.07670127286479089,0.08208474266337717,200.0
200075,0.10985929064318575,0.07601777462162063,0.055964314279523864,919.0
200075,0.07688261864996729,0.07457680511288567,0.03701691797455775,13.0
200075,0.06621499112850078,0.07529603520594019,0.06821835831743306,358.0
Best evaluation,Average evaluation,Worst evaluation
0.04245773247104204,0.06418603141986563,0.10985929064318575
