Epochs,Population size,Threads,Percent,Neural network
2000,15,5,0.1,Layer 1: neurons(8)Layer 2: neurons(1)
Cost,Evaluation,Training_error,Validation_error,Best_validation_epoch
200075,0.08144560191666907,0.0703006203546439,0.07219793368767946,183.0
200075,0.08038237913297037,0.07648959559847901,0.06021139954996546,547.0
200075,0.049012157544336875,0.07584050016640276,0.0654727414423576,198.0
200075,0.08630341372471222,0.07525851173523845,0.07303933349733704,200.0
200075,0.06143179465784021,0.0764807194009034,0.06617114808755309,200.0
200075,0.06400891685956393,0.07402801521090052,0.09099869934492533,1974.0
200075,0.054832926866036615,0.07468793788029915,0.06458672440814006,418.0
200075,0.047531511544942784,0.07677472272820318,0.06910597758439718,200.0
200075,0.06855519136815912,0.07266737382213195,0.060914980454230494,173.0
200075,0.07535452068693212,0.07677408405333819,0.04887523758212864,781.0
200075,0.046989833841939325,0.07660527841470077,0.07437886718053754,200.0
200075,0.05450696573304969,0.07485729429506449,0.07656401244941669,200.0
200075,0.059521970809284404,0.07529452891157029,0.07489832434201749,200.0
200075,0.0890807091473485,0.07660204583008334,0.07301864763817834,152.0
200075,0.06549065509728294,0.07609436502492717,0.05139497360603362,312.0
200075,0.06953643904917002,0.07671686411051659,0.07208805797254081,385.0
200075,0.11269737544771888,0.07658262827725726,0.056219573161803704,1715.0
200075,0.09493837641711413,0.07634685122906881,0.06034501407624415,915.0
200075,0.06965035523196227,0.07158809643773001,0.08344969588379447,1980.0
200075,0.07088704223918811,0.07647190180617058,0.06453597508587328,100.0
200075,0.09140352151716656,0.07524843977154372,0.05828338413282452,1343.0
200075,0.06886712959245452,0.07660114252243344,0.07568623855365075,156.0
200075,0.07267705532156822,0.07634205325330456,0.05281886277455161,120.0
200075,0.07760548210347815,0.07208188171906083,0.07541005539035583,172.0
200075,0.05712674087157965,0.07668963767982617,0.0688252192214881,243.0
200075,0.06366754638065662,0.07692627130006657,0.08068608977397151,520.0
200075,0.04542769096506626,0.07414566050733717,0.08613065251151975,1336.0
200075,0.07752944014868832,0.07413391615260245,0.06875925645758352,1648.0
200075,0.056005911705820935,0.07667984487955004,0.08726551884917588,1668.0
200075,0.08791127955102428,0.07383164992996549,0.05988589393857102,561.0
Best evaluation,Average evaluation,Worst evaluation
0.04542769096506626,0.07001266451579084,0.11269737544771888
